{"1": [[-39.29836075048153, 332], [-44.0, 2], [-11.113111111111111, 71]], "0": [[-38.33792710209677, 264], [-51.22, 2], [-11.111331131111111, 88]], "3": [[-40.55990750018651, 302], [-61.160000000000004, 2], [-11.113111111111111, 42]], "2": [[-65.7594770951662, 427], [-44.808693000000005, 5], [-11.111113111111111, 57]], "5": [[-9.860533000000004, 2], [104.54625698191344, 16], [0, 0]], "4": [[-11.21753289409682, 408], [-67.0, 2], [-11.111111113113111, 34]]}