{"1": [[37.99999999999999, 13.0, 1], [39.0, 1.0, 40.0]], "0": [[-27.333333333333304, 7.0, 1], [73.0, 4.0, 75.0]], "3": [[41.666666666666686, 468.0, 1], [80.0, 48.0, 1]], "2": [[92.66666666666643, 377.0, 1], [21.0, 19.0, 1]], "5": [[1.3333333333333333, 30.0, 1], [9.0, 7.0, 1]], "4": [[51.33333333333342, 910.0, 1], [339.0, 119.0, 1]]}