{"1": [[-403.5080310571669, 1485], [-283.0543099104969, 1809], [-284.60850609585344, 434]], "0": [[-383.4111271239495, 2095], [-382.0132824604637, 106], [-380.4550469754296, 1288]], "3": [[246.25783031958215, 1042], [371.25816107426186, 2267], [0, 0]], "2": [[-82.85123501388753, 3818], [-84.88424146223831, 392], [-84.26975577280342, 29]], "5": [[360.4888136764755, 97], [0.0, 1], [0, 0]], "4": [[806.4584645128782, 3950], [-8.664339756999317, 2], [-5.19860385419959, 2]]}