{"1": [[77.66666666666664, 17.0, 1], [63.0, 2.0, 62.0]], "0": [[-39.0, -7.0, 1], [151.0, 10.0, 147.0]], "3": [[67.66666666666679, 564.0, 1], [113.0, 50.0, 0.0]], "2": [[123.66666666666599, 367.0, 1], [107.0, 49.0, 6.0]], "5": [[1.0, 48.0, 1], [9.0, 8.0, 1]], "4": [[81.99999999999991, 1028.0, 1], [409.0, 129.0, -5.0]]}