{"1": [[-193.0252341562625, 154], [-204.10685066429136, 13], [-194.00724086963578, 49]], "0": [[-208.2209976532429, 57], [-209.27398871039787, 123], [-207.3987946278956, 71]], "3": [[36.065119838485884, 206], [0, 0], [0, 0]], "2": [[-170.08953048553082, 188], [-169.6873164225529, 30], [-170.34809872846304, 43]], "5": [[96.99444355230023, 7], [0, 0], [0, 0]], "4": [[-18.88505773951912, 9], [516.2182697987138, 223], [-22.77118593883496, 6]]}