{"1": [[-190.72800648036565, 152], [-204.10685066429136, 13], [-191.61836816325604, 47]], "0": [[-208.2209976532429, 57], [-206.53661606551273, 121], [-205.57768727940342, 67]], "3": [[36.843602530237014, 203], [0, 0], [0, 0]], "2": [[-167.99508799778795, 185], [-169.6873164225529, 30], [-169.03605217647691, 42]], "5": [[96.99444355230023, 7], [0, 0], [0, 0]], "4": [[-18.88505773951912, 9], [515.13204143471, 214], [-22.77118593883496, 6]]}