{"1": [[-4.616242511790512, 0.97820118429374, 1], [-19.57392854969196, -13.014804508104548, -15.0]], "0": [[-11.229415425961056, -4.913542395365703, 1], [-13.825766125211054, -9.283481836334623, -10.0]], "3": [[11.451638442879611, 33.410244920144315, 1], [11.764992118238556, 3.728096410493554, -1.0]], "2": [[9.034882725242102, 7.550994912392326, 1], [-4.14538390031074, -4.416449203000588, -9.0]], "-1": [[6.674871634303282, 1.4316917293233082, 1], [2.0733656755750487, 1.7696969696969704, 1]], "4": [[13.121936337464875, 123.59080748468156, 1], [55.16807430252847, 10.395770645211522, 4.0]], "-3": [[2.5746368266143205, 0.8672413793103447, 1], [3.8714956048153364, 0.6137387387387386, 0.0]], "-2": [[5.974119297480138, 17.240294847168805, 1], [10.401490940395513, 0.4495591463369869, -2.0]], "5": [[2.46078020091073, 3.9559814555664574, 1], [1.4782608695652173, 1.9473684210526314, 1]]}