{"1": [[-77.97129223878615, 211], [-38.0, 2], [-5.605560561060555, 325]], "0": [[-24.40278888908935, 106], [-45.0, 2], [-5.556105556055606, 222]], "3": [[-25.986457694825546, 299], [-25.5916474, 4], [-10.561061055555555, 321]], "2": [[-21.371456568218832, 215], [-27.556378637199998, 7], [-5.556055555555556, 258]], "-1": [[-20.788219143018427, 139], [-31.00460000000001, 3], [-5.555605555555556, 206]], "4": [[-92.50823442142256, 424], [-29.65, 3], [-5.560560605560555, 361]], "-2": [[-56.74663581686326, 816], [-52.70500000000001, 3], [-6.105556105556106, 1073]], "5": [[0, 0], [0, 0], [0, 0]]}