{"1": [[30.999999999999957, 166.0, 1], [33.0, 5.0, 1]], "0": [[20.66666666666666, 0.0, 1], [14.0, 0.0, 1]], "3": [[32.66666666666662, 480.0, 1], [111.0, 46.0, 1]], "2": [[34.666666666666636, 212.0, 1], [46.0, 5.0, 1]], "-1": [[20.33333333333333, 199.0, 1], [62.0, 16.0, 1]], "4": [[34.99999999999997, 704.0, 1], [163.0, 61.0, 1]], "-2": [[287.33333333333445, 176.0, 1], [289.0, 65.0, 1]], "5": [[1, 1, 1], [1, 1, 1]]}