{"1": [[-66.3899994086111, 110], [-71.72635083153106, 43], [-66.17705846365712, 64]], "0": [[-35.12215499690353, 97], [-38.99655390644396, 31], [-35.607292592546386, 24]], "3": [[-78.75301489762127, 138], [-80.07107600100144, 8], [-76.95391235770165, 92]], "2": [[-53.715680179279715, 51], [-54.43099756914365, 68], [-52.19050408090245, 51]], "-1": [[-40.943445622221006, 5], [25.39247343428566, 117], [-34.44131687322348, 18]], "4": [[-27.865722248731323, 5], [192.0755664881393, 258], [-25.246014417205643, 16]], "-2": [[-126.01816542608512, 190], [-126.16063514333297, 157], [-125.7355166478856, 360]], "5": [[0, 0], [0, 0], [0, 0]]}