{"1": [[-70.84229875581049, 2016], [-76.82866799282273, 7], [-71.87011890259862, 520]], "0": [[-256.5530007331619, 328], [-89.75772616865305, 100], [-89.6256146658172, 1176]], "3": [[57.473141750965766, 2642], [0.0, 1], [0, 0]], "2": [[-66.93919721239537, 617], [-36.529601505562304, 1194], [-41.09153394130051, 137]], "5": [[0, 0], [0, 0], [0, 0]], "4": [[23.76392182413234, 555], [217.65438902683866, 1313], [-0.8664339756999316, 2]], "-2": [[158.225023979706, 9192], [-8.566187227285662, 4], [-1.7328679513998633, 2]], "-1": [[8.310170469706486, 1477], [-32.930334673714995, 21], [-29.351182976887262, 51]]}