{"1": [[58.666666666666806, 14.0, 1], [93.0, 10.0, 1]], "0": [[7.9999999999999964, 99.0, 1], [33.0, 0.0, 1]], "3": [[41.000000000000014, 560.0, 1], [218.0, 77.0, 1]], "2": [[36.333333333333314, 244.0, 1], [108.0, 22.0, 1]], "-1": [[72.00000000000006, 30.0, 1], [76.0, 27.0, 1]], "4": [[44.66666666666671, 825.0, 1], [293.0, 121.0, 1]], "-2": [[103.33333333333294, 1285.0, 1], [476.0, 123.0, 1]], "5": [[1, 1, 1], [1, 1, 1]]}