{"1": [[-68.47307377125107, 114], [-71.72635083153106, 43], [-68.48877711916033, 73]], "0": [[-38.59493293115129, 102], [-38.99655390644396, 31], [-37.74760285736337, 29]], "3": [[-78.75301489762127, 138], [-80.07107600100144, 8], [-78.49300183702128, 101]], "2": [[-54.09560745991254, 52], [-54.43099756914365, 68], [-53.840882265686275, 57]], "-1": [[-40.943445622221006, 5], [24.094339451570168, 126], [-34.44131687322348, 18]], "4": [[-27.865722248731323, 5], [193.02920925557126, 268], [-25.246014417205643, 16]], "-2": [[-126.70043055542244, 193], [-126.38948037257059, 173], [-126.30045857706705, 370]], "5": [[0, 0], [0, 0], [0, 0]]}