{"1": [[4.822187144703724, 1.66756630555746, 1], [6.797766709468121, 1.0, 1]], "0": [[-0.45018173871023764, -0.23734610123119015, 1], [0.22687801932367158, 0.3104377104377106, 1]], "3": [[10.941664429678045, 22.77228526847645, 1], [21.24620134542523, 5.3049619464887705, 1]], "2": [[4.973206611909251, 2.5078854652829583, 1], [0.7236148728666172, 0.45995316159250593, 1]], "-1": [[2.4662817081491233, 13.4464329892015, 1], [5.293321074672314, 2.160027472527472, 1]], "4": [[10.28408629107795, 61.275537840897655, 1], [26.742279391936833, 9.360146512649196, 1]], "-2": [[29.730653269432747, 24.428213838702423, 1], [13.133439258314906, 3.7989546641011667, 1]], "5": [[1, 1, 1], [1, 1, 1]]}