{"1": [[-508.65879591003056, 1776], [-509.1311819563921, 1425], [-510.1155461627031, 142]], "0": [[-876.2798259074003, 1036], [-844.3751045575166, 718], [-844.0053022310951, 652]], "3": [[823.1767443903526, 3584], [0, 0], [0, 0]], "2": [[72.22331487555252, 2624], [-15.595811562598769, 2], [-15.595811562598769, 2]], "5": [[395.1126130310889, 94], [0, 0], [0, 0]], "4": [[1245.3391394089765, 3098], [0, 0], [0, 0]]}