{"1": [[-28.889091090769917, 302], [-105.0, 2], [-31.51131111131111, 19]], "0": [[-11.129133093015101, 240], [-35.0, 2], [-11.11311111331311, 22]], "3": [[5.130707535131059, 326], [-83.63, 4], [-51.313, 5]], "2": [[-49.32889294892129, 266], [-67.3, 3], [-31.31111131113, 13]], "5": [[33.351, 5], [0, 0], [0, 0]], "4": [[-2.866646688492427, 270], [-46.43, 4], [-51.131, 5]]}