{"1": [[44.66666666666671, 5.0, 1], [45.0, -2.0, 46.0]], "0": [[-157.00000000000009, -1.0, 2.0], [85.0, 0.0, 90.0]], "3": [[87.99999999999983, 390.0, 1], [18.0, 20.0, 1.0]], "2": [[104.33333333333293, 22.0, 1], [40.0, 4.0, 42.0]], "5": [[1.6666666666666665, 12.0, 1], [6.0, 2.0, 1]], "4": [[232.33333333333556, 102.0, 1], [191.0, 48.0, 0.0]]}