{"1": [[-277.80275942209033, 48], [-274.6356301021403, 60], [-277.1748995284451, 34]], "0": [[-387.6660695395399, 44], [-391.4165764896721, 49], [-386.8792094265777, 41]], "3": [[-17.328679513998633, 2], [210.69694159716477, 193], [-21.383330595080277, 3]], "2": [[-76.68280608513584, 87], [-99.6273636705264, 43], [-96.9229442288032, 10]], "5": [[99.32511231639043, 7], [0, 0], [0, 0]], "4": [[601.658885374829, 185], [0, 0], [0, 0]]}