{"1": [[-274.1735084743642, 47], [-274.6356301021403, 60], [-277.1748995284451, 34]], "0": [[-384.2039152410093, 42], [-385.45970868644156, 48], [-386.8792094265777, 41]], "3": [[-17.328679513998633, 2], [214.11983792678132, 190], [-21.383330595080277, 3]], "2": [[-74.62257811444375, 85], [-99.6273636705264, 43], [-96.9229442288032, 10]], "5": [[99.32511231639043, 7], [0, 0], [0, 0]], "4": [[599.2522600244589, 182], [0, 0], [0, 0]]}