{"1": [[-11.678055698509588, 0.2879310343967483, 1], [-19.481851948540054, -14.913854384712566, -15.0]], "0": [[-35.04753000557391, -3.030858063607867, 1], [-22.85577804415313, -20.461158383851064, -21.0]], "3": [[34.066643025125835, 27.7888764941508, 1], [9.282085578543976, 4.356964880813987, -3.0]], "2": [[6.388707422434352, 8.565108801139695, 1], [-8.61419766483007, -9.538042094213871, -9.0]], "5": [[1, 4.811067049705869, 1], [1.4074074074074074, 1, 1]], "4": [[13.515000633000772, 115.33753451841126, 1], [46.214880599475734, 4.343013185423053, 1]]}