{"1": [[57.333333333333464, 3.0, 1], [69.0, 2.0, 92.0]], "0": [[-179.33333333333405, -10.0, 1], [81.0, 6.0, 104.0]], "3": [[115.6666666666661, 482.0, 1], [27.0, 16.0, 5.0]], "2": [[169.33333333333377, 16.0, 1], [61.0, 0.0, 65.0]], "5": [[2.333333333333333, 26.0, 1], [4.0, 8.0, 1]], "4": [[90.99999999999979, 804.0, 1], [280.0, 69.0, -2.0]]}