{"1": [[-221.25228465951514, 45], [-219.38800074748934, 96], [-224.18307679793563, 33]], "0": [[-259.41390642714947, 37], [-257.960776032499, 98], [-264.9173274163612, 31]], "3": [[72.18181922093234, 187], [-40.95342129863475, 13], [-50.03976760170877, 7]], "2": [[-144.0960467199151, 153], [-146.1398829652757, 6], [-146.60572557138548, 21]], "5": [[130.44737795782453, 8], [0, 0], [0, 0]], "4": [[504.53001973125623, 186], [0, 0], [0, 0]]}