{"1": [[-221.25228465951514, 45], [-221.5102893457641, 97], [-224.18307679793563, 33]], "0": [[-261.80705521644313, 38], [-261.4419274341161, 99], [-264.9173274163612, 31]], "3": [[71.07173904420684, 194], [-40.95342129863475, 13], [-50.03976760170877, 7]], "2": [[-146.53142161765595, 156], [-146.1398829652757, 6], [-146.60572557138548, 21]], "5": [[130.44737795782453, 8], [0, 0], [0, 0]], "4": [[504.53001973125623, 186], [0, 0], [0, 0]]}