{"1": [[21.79525641462571, 325], [-109.0, 2], [-11.113111111131111, 47]], "0": [[-22.732550277226025, 232], [-46.580000000000005, 4], [-13.131111131111112, 48]], "3": [[-36.362301390708964, 296], [-94.54713231480821, 18], [-33.111131511133294, 15]], "2": [[-24.239503356844466, 333], [-64.0, 2], [-51.113111311311116, 20]], "5": [[70.81450212060172, 5], [0, 0], [0, 0]], "4": [[-27.13235081095376, 330], [-77.7487837, 8], [-11.1315151, 9]]}