{"1": [[-368.17953772198814, 3227], [-368.85211430363677, 275], [-368.4115154191282, 158]], "0": [[-542.4250608937158, 1398], [-541.2138529069746, 468], [-541.4898466191405, 595]], "3": [[340.5915337474991, 1115], [462.10521470762166, 2253], [-12.130075659799042, 2]], "2": [[-164.1524301004018, 1069], [-92.80046824852346, 2221], [-100.39586541300255, 13]], "5": [[350.56694424659844, 70], [0, 0], [0, 0]], "4": [[1034.0563544623333, 3559], [0, 0], [0, 0]]}