{"1": [[47.66666666666673, 12.0, 1], [98.0, 2.0, 106.0]], "0": [[-70.33333333333341, 0.0, 1], [87.0, 0.0, 88.0]], "3": [[156.66666666666674, 80.0, 1], [65.0, 24.0, 1]], "2": [[78.99999999999996, 156.0, 1], [5.0, 32.0, 37.0]], "5": [[1, 18.0, 1], [5.0, 2.0, 1]], "4": [[60.333333333333485, 728.0, 1], [201.0, 52.0, 1]]}