{"1": [[-3.916096449826877, 0.3983848584860485, 1], [-17.008405496245306, -17.15338067918508, -18.0]], "0": [[-22.534904740231728, -0.4509020024466571, 1], [-19.90313189665326, -16.63596968575267, -17.0]], "3": [[9.770612360279847, 69.97957730434484, 1], [4.894462692998067, 2.066216851321906, -3.0]], "2": [[10.528058605538899, 15.212047658640417, 1], [-7.591330973755509, -6.399133095929941, -8.0]], "5": [[1.0357142857142858, 4.125495356238453, 1], [2.0105494839101397, 1, 1]], "4": [[14.568273130678538, 122.26170251178182, 1], [64.65502694272992, 18.178266024253062, 3.0]]}