{"1": [[76.0, 2.0, 1], [132.0, 4.0, 133.0]], "0": [[-91.66666666666644, -2.0, 1], [122.0, 5.0, 123.0]], "3": [[86.99999999999984, 516.0, 1], [9.0, 9.0, 4.0]], "2": [[168.66666666666708, 33.0, 1], [44.0, 6.0, 45.0]], "5": [[1.0, 31.0, 1], [5.0, 2.0, 0.0]], "4": [[305.3333333333334, 223.0, 1], [265.0, 53.0, 1.0]]}